feature,gain_mean,gain_std,n_models,gain_share_pct,cumulative_share_pct,family
HubDowPromoMean,89.38825035095215,4.421155409573303,4,28.951212189422968,28.951212189422968,hub history
HubPromoMean,56.87624454498291,13.92475170976696,4,18.421170767906982,47.37238295732995,hub history
HubTrailPromo91,37.09101915359497,11.662688792837567,4,12.01309972643671,59.385482683766654,trailing-window history
HubTrailDow365,24.326111793518066,3.433317573168305,4,7.878780729152781,67.26426341291943,trailing-window history
HubDowMean,11.442819774150848,10.594675686082773,4,3.706119115500032,70.97038252841946,hub history
PromoActive,10.004133820533752,4.264336628315405,4,3.240155164381403,74.21053769280087,promotion calendar
HolidaysThisWeek,6.327346086502075,0.3364447400222711,4,2.049311161444893,76.25984885424576,calendar
HubTrailDow91,6.111319839954376,4.9529454580604915,4,1.979344228679882,78.23919308292564,trailing-window history
HubTrailMean365,5.262888088822365,6.671906537178367,4,1.7045527705315469,79.94374585345719,trailing-window history
HolidayTomorrow,3.079078793525696,0.3522371218425784,4,0.9972570572678778,80.94100291072506,calendar
WeekOfYear,2.958100914955139,0.3499036789626386,4,0.9580745448127035,81.89907745553776,calendar
Month,2.5044126212596893,0.5434069391362314,4,0.8111332409269595,82.71021069646473,calendar
HolidayYesterday,2.494854152202606,0.33059812423654017,4,0.8080374283924131,83.51824812485714,calendar
HubDowPromoMeanDelta,2.4116629362106323,0.4412268017468122,4,0.7810933217897706,84.2993414466469,hub history
DaysUntilPromo,2.334127575159073,0.3613290062855985,4,0.7559810427019262,85.05532248934884,promotion calendar
DaysSincePromo,2.249130204319954,1.0282950684082164,4,0.7284519557241074,85.78377444507295,promotion calendar
HolidayDaysNext7,2.144476890563965,0.2005457974995937,4,0.6945566699233419,86.4783311149963,calendar
DayOfYear,1.8711808919906616,0.12780104926817693,4,0.6060411165463464,87.08437223154264,calendar
DaysUntilHoliday,1.846612960100174,0.0464473284563523,4,0.5980840147301207,87.68245624627276,calendar
ClosedYesterday,1.7152630388736725,0.5756488321817975,4,0.5555421881974132,88.23799843447017,operating status
ClosedDaysNext7,1.6148986220359802,0.34586110687248384,4,0.5230359973196681,88.76103443178984,calendar
DaysSinceClosed,1.3466150760650635,0.1941629611297811,4,0.43614388525975134,89.19717831704959,operating status
HubTrailMean182,1.2936104536056519,0.8255795428550454,4,0.41897666176205667,89.61615497881165,trailing-window history
OpenRunLength,1.1983138918876648,0.15506731250276554,4,0.3881118560589826,90.00426683487063,operating status
HubPromoMeanDelta,1.0786320120096207,0.3559757929993618,4,0.3493490937722792,90.35361592864291,hub history
HubTrailDow365Delta,1.0149275660514832,0.2972391626101756,4,0.32871639400354474,90.68233232264646,trailing-window history
DaysToMonthEnd,0.8497307598590851,0.029305959676775552,4,0.2752121832117049,90.95754450585817,calendar
HubTrailPromo91Delta,0.8036075234413147,0.05015754231157584,4,0.26027371423898077,91.21781822009714,trailing-window history
IsWeekend,0.7668983936309814,0.11882764027021074,4,0.24838430145536083,91.4662025215525,calendar
ClosedTomorrow,0.715053603053093,0.20529164311586834,4,0.23159272619749857,91.69779524775001,operating status
Day,0.7113287001848221,0.02173644990921784,4,0.23038629858647697,91.92818154633649,calendar
PromoRunLength,0.6774076819419861,0.1588158075583295,4,0.21939990392080297,92.14758145025729,promotion calendar
RegionalHoliday,0.6573554426431656,0.04480032583068979,4,0.21290535197987157,92.36048680223716,calendar
PromoYesterday,0.6509823948144913,0.15037811612409918,4,0.21084123886369707,92.57132804110086,promotion calendar
DaysUntilClosed,0.6201504468917847,0.07143127047648877,4,0.2008553373272094,92.77218337842807,operating status
ClosedDaysPrev7,0.5924111604690552,0.020193636853217296,4,0.19187109203708927,92.96405447046516,calendar
HubTrailDelta28,0.5709376037120819,0.0074490942903617866,4,0.18491620148165366,93.14897067194681,trailing-window history
NetPromoMean,0.536124937236309,0.05086953501592053,4,0.17364101833327944,93.3226116902801,network shape
DaysSinceHoliday,0.5219316259026527,0.050750924453631295,4,0.16904406552932685,93.49165575580942,calendar
HubTrailDelta365,0.5080955475568771,0.017959283980687656,4,0.16456281392763059,93.65621856973705,trailing-window history
IsMonthStart,0.4939500167965889,0.0320459876374968,4,0.15998133637364295,93.8161999061107,calendar
DaysSinceLongClosure,0.4805666580796242,0.016646854043576496,4,0.15564671234307112,93.97184661845377,calendar
Weekday,0.474212184548378,0.09034300558287651,4,0.15358861510061603,94.12543523355438,calendar
DaysUntilLongClosure,0.4605569913983345,0.010062607005969308,4,0.1491659488908813,94.27460118244527,calendar
HubDaysSinceLastTrade,0.4463229924440384,0.03782878160849167,4,0.14455581811405196,94.41915700055932,hub history
HubTrailMean28,0.43984629958868027,0.13793356698393375,4,0.1424581362777367,94.56161513683706,trailing-window history
CosDayOfYear,0.43739551305770874,0.07149841864458213,4,0.14166437154232053,94.70327950837938,calendar
HubHistDays,0.43465031683444977,0.013009950989597034,4,0.1407752529160007,94.84405476129538,hub history
PromoTomorrow,0.43180107325315475,0.08838615719659088,4,0.13985243526180613,94.98390719655718,promotion calendar
StatsWindowDays,0.42416541278362274,0.027861504246539347,4,0.13737938510597594,95.12128658166316,calendar
SinDayOfYear,0.4124213755130768,0.02100874808980439,4,0.1335757071768839,95.25486228884004,calendar
NetMonthMean,0.4074133560061455,0.03869661101514901,4,0.13195370165798528,95.38681599049804,network shape
GlobalLogMean,0.3895663693547249,0.01787418364219856,4,0.1261733905381405,95.51298938103618,calendar
HubMonthMean,0.3871339187026024,0.06723449251525296,4,0.12538556445704585,95.63837494549323,hub history
HubLYShapeOrigin,0.3868437111377716,0.019838868335764752,4,0.12529157155803056,95.76366651705126,year-over-year
HolidayDaysPrev7,0.37423964589834213,0.055113407179981,4,0.12120934636888783,95.88487586342015,calendar
SchoolDaysThisWeek,0.3571639582514763,0.005237272740800051,4,0.11567884482753558,96.00055470824769,calendar
SchoolClosureFlag,0.35599803179502487,0.04509816474750822,4,0.11530122266684377,96.11585593091453,calendar
HubTrailDelta182,0.3470543771982193,0.016682228007965427,4,0.11240453724158454,96.22826046815612,trailing-window history
HubTrailObs28,0.3363049477338791,0.0021557678373685506,4,0.10892299450956446,96.33718346266569,trailing-window history
HubYoYGrowth91,0.33442071825265884,0.008318162637090553,4,0.10831272719467465,96.44549618986036,year-over-year
NetDowMean,0.32542137056589127,0.03788346231808089,4,0.1053980038006819,96.55089419366105,network shape
HubTrailDow91Delta,0.32138606533408165,0.08564815809532669,4,0.10409104256633031,96.65498523622738,trailing-window history
HubSundayOpenRate,0.31508780270814896,0.021582668865069966,4,0.1020511510034886,96.75703638723087,hub history
HubDowMeanDelta,0.31125931814312935,0.18372243129713686,4,0.10081117518372884,96.85784756241459,hub history
IsMonthEnd,0.29558660835027695,0.027287174597633617,4,0.0957350723960062,96.9535826348106,calendar
HubSaturdayOpenRate,0.28315120935440063,0.01262543217904039,4,0.09170747510468147,97.04529010991529,hub history
DaysSinceStart,0.27104687690734863,0.007930824006365253,4,0.08778710418669104,97.13307721410197,calendar
DaysUntilSchool,0.266051035374403,0.017964312489147524,4,0.08616904288985193,97.21924625699182,calendar
HubPromoRate,0.24664803594350815,0.011357371766403088,4,0.07988476781533586,97.29913102480715,hub history
HubTrailDelta91,0.24526144564151764,0.019447633779624256,4,0.07943567668876035,97.37856670149591,trailing-window history
SchoolDaysNext7,0.24311945214867592,0.01825305440872389,4,0.0787419243457382,97.45730862584165,calendar
HubLogP25,0.24092907458543777,0.061276474917016106,4,0.0780325012911501,97.5353411271328,hub history
HubTrailObs7,0.23906229436397552,0.01830440472263059,4,0.07742788547094576,97.61276901260374,trailing-window history
SchoolDaysPrev7,0.2387702725827694,0.005984595379590444,4,0.07733330498057439,97.6901023175843,calendar
LYDowShape,0.23678592592477798,0.007251859961327988,4,0.07669061155132248,97.76679292913563,year-over-year
SchoolClosureRunLength,0.23451798036694527,0.008982293055398972,4,0.07595606564824144,97.84274899478388,calendar
HubMonthMeanDelta,0.2265300527215004,0.00838640588671991,4,0.07336892262542727,97.91611791740931,hub history
IsLoyaltyRoundMonth,0.21259409561753273,0.007879100082425042,4,0.06885532212876684,97.98497323953808,hub metadata
AssortmentTier,0.21004268154501915,0.006968868374546077,4,0.06802896598121491,98.05300220551929,hub metadata
HubTrailObs91,0.2099321447312832,0.012902258509070699,4,0.06799316513785296,98.12099537065714,trailing-window history
LYShape,0.20691735669970512,0.006537369900537674,4,0.06701673067733195,98.18801210133448,year-over-year
HubTrailObs365,0.19999570026993752,0.01201936540314341,4,0.06477493331343097,98.25278703464791,trailing-window history
IsMonthMid,0.1965593621134758,0.0204696389719348,4,0.06366196651151085,98.31644900115943,calendar
HubTrailMean91,0.18727020546793938,0.01784322804765926,4,0.060653379319683697,98.37710238047912,trailing-window history
HubObs,0.18510428443551064,0.00468619274623616,4,0.05995187728614814,98.43705425776527,hub history
HorizonDays,0.1848694086074829,0.005544911783274238,4,0.059875805320216385,98.49693006308549,calendar
Year,0.1821700744330883,0.015996600922355452,4,0.05900154056901884,98.5559316036545,calendar
HubVsNetwork,0.1790243536233902,0.051071205420839906,4,0.0579826993869542,98.61391430304145,hub history
HubTrailDelta7,0.17451084777712822,0.0055552398215894545,4,0.056520857758325216,98.67043516079978,trailing-window history
HubLogMin,0.17398834228515625,0.008257574038579176,4,0.05635162782811819,98.7267867886279,hub history
HubTrailObs182,0.17014292627573013,0.002404448510253053,4,0.05510616822455282,98.78189295685246,trailing-window history
DaysSinceSchool,0.1693396009504795,0.003234642410066423,4,0.05484598590912371,98.83673894276158,calendar
HubOpenRate,0.16574375331401825,0.007713141615886898,4,0.05368135691688707,98.89042029967847,hub history
LoyaltyActive,0.16168500110507011,0.0060295078178594615,4,0.05236680163737102,98.94278710131584,hub metadata
HubSchoolRate,0.14956745132803917,0.0008501745620222333,4,0.04844214986900826,98.99122925118485,hub history
HubLY2ShapeOrigin,0.14231915771961212,0.0022733208759261325,4,0.04609456072339999,99.03732381190825,year-over-year
RegionCluster,0.1391742266714573,0.0018290569757170951,4,0.045075975330590975,99.08239978723884,calendar
CompetitorDistance,0.13741515576839447,0.0034492653079119507,4,0.044506244579951344,99.12690603181879,hub metadata
LogCompetitorDistance,0.13518407195806503,0.009403448587462684,4,0.043783637519721016,99.17068966933851,hub metadata
HubLogStd,0.13116165809333324,0.012287074927913512,4,0.042480851562346184,99.21317052090086,hub history
LoyaltyIntervalCount,0.13028308935463428,0.022587730587381477,4,0.042196299287553876,99.25536682018841,hub metadata
HubTrend28over182,0.12931698188185692,0.0013704657226555662,4,0.041883394824916445,99.29725021501334,trailing-window history
HubLogSessStd,0.1247084941715002,0.017844984031201147,4,0.04039079031536343,99.33764100532869,hub history
HubFormat,0.11969907209277153,0.002137601668330443,4,0.03876833052922545,99.37640933585791,hub metadata
LoyaltyProgram,0.11954157426953316,0.010037465217227632,4,0.038717319877578905,99.41512665573549,hub metadata
HubTrailMean7,0.1194384079426527,0.007494591298599156,4,0.03868390619951056,99.453810561935,trailing-window history
HubLogMedian,0.11004856787621975,0.011192576917790789,4,0.03564270949725124,99.48945327143225,hub history
HubLogCV,0.10868229158222675,0.005760773868629129,4,0.035200197704689365,99.52465346913694,hub history
HubPromoUplift,0.10837887413799763,0.006003750030777566,4,0.03510192636840791,99.55975539550535,hub history
CompetitorOpenMonths,0.10040293075144291,0.0020042442124992136,4,0.032518664826892446,99.59227406033224,hub metadata
HubLogMax,0.10020752251148224,0.004510597308447195,4,0.03245537568769964,99.62472943601995,hub history
HubSchoolMeanDelta,0.09907497465610504,0.003745566338039633,4,0.03208856424271701,99.65681800026266,hub history
HubLogSessMean,0.0974015798419714,0.0021389835006336085,4,0.03154658240337624,99.68836458266604,hub history
LoyaltyWeeks,0.0971597321331501,0.0012748035774430234,4,0.031468252373331784,99.71983283503937,hub metadata
HubTrend91over365,0.09680768102407455,0.0020517093684922654,4,0.031354229486427174,99.7511870645258,trailing-window history
HubLogP75,0.09612764045596123,0.008869123612529133,4,0.031133976839042683,99.78232104136484,hub history
HubOrdersPerSession,0.09323941729962826,0.0013769002415536644,4,0.03019853441656428,99.81251957578141,hub history
HubTrend7over91,0.09143041633069515,0.0008660468737516764,4,0.029612632234825288,99.84213220801624,trailing-window history
HubSchoolMean,0.09088214114308357,0.0063800331818257,4,0.029435055973600598,99.87156726398985,hub history
HubLogMean,0.08509461581707001,0.00787061879595652,4,0.027560582839746564,99.89912784682959,hub history
LY2Shape,0.08420461602509022,0.001083904423730963,4,0.027272328256789793,99.92640017508637,year-over-year
HubLogIQR,0.0822298713028431,0.003105006856713484,4,0.026632744718133913,99.9530329198045,hub history
CompetitorActive,0.05292459577322006,0.0031934559657510976,4,0.017141304324160663,99.97017422412866,hub metadata
CompetitorDistanceMissing,0.046578940004110336,0.002027983422024469,4,0.01508606299287562,99.98526028712153,hub metadata
CompetitorKnown,0.045509567484259605,0.0009486741678875,4,0.014739712878512891,100.00000000000004,hub metadata
