HubID,n,mae,log_bias,mean_actual,mean_pred,closed_days,rmsle,HubFormat,AssortmentTier,CompetitorDistance,LoyaltyProgram,renovation_gap,history_days
971,42,1244.1190476190477,0.15922907370695974,6774.452,6304.333333333333,12,1.4652816439726,3,1,1140.0,1,False,900
415,42,1035.904761904762,0.10760317453297409,5205.976,5540.214285714285,8,0.4216305687971616,4,3,6910.0,0,False,900
183,42,1227.8809523809523,-0.16268218496947856,4371.2144,3212.095238095238,16,0.33164553843562206,1,1,9670.0,0,True,716
1081,42,1604.142857142857,-0.2601140037628352,6465.143,4910.619047619048,0,0.29595260715462307,2,1,400.0,0,False,900
39,42,1038.047619047619,0.05905507785707434,4447.0,4678.285714285715,9,0.2367101990683378,1,1,260.0,1,False,900
711,42,1325.5238095238096,0.19283853525956193,4725.143,6036.619047619048,9,0.23241765109059842,4,1,17110.0,1,True,716
286,42,650.1904761904761,0.16712863317730076,3009.6191,3659.809523809524,9,0.20820095846166306,1,1,1460.0,0,False,900
1073,42,1607.7619047619048,-0.1676253253840938,7891.452,6302.214285714285,9,0.20441703630631136,1,3,1710.0,1,False,900
732,42,989.452380952381,-0.1591003512362111,6425.476,5442.119047619048,0,0.18521445131906059,1,3,35280.0,0,False,900
917,42,563.2857142857143,0.019705684976855382,5356.7856,5432.071428571428,9,0.18353526855213761,1,1,7240.0,0,False,900
170,42,525.952380952381,0.11861145902071984,3272.1904,3781.0,9,0.1678532374530826,1,1,1070.0,1,False,900
1045,42,795.5952380952381,-0.08894386884663935,7645.905,7055.261904761905,0,0.16527774848109603,1,3,26990.0,0,False,900
517,42,622.4761904761905,0.016393075367300343,4841.2856,4927.142857142857,8,0.1642844895135072,1,3,22490.0,0,False,900
310,42,685.5,-0.033765056522317864,8238.69,7802.666666666667,0,0.16179835794596142,1,3,2290.0,1,False,900
423,42,1562.952380952381,-0.10872105817099177,11799.5,10498.404761904761,0,0.15781174457416264,2,1,1270.0,0,False,900
