HubID,Date,Weekday,IsOpen,PromoActive,SchoolClosureFlag,actual,pred,log_error,HorizonDays,HubLogMean
971,2015-05-15,5.0,1.0,0.0,1.0,0.0,13829.0,9.534595424658804,7.0,8.974843
415,2015-06-04,4.0,1.0,1.0,0.0,1464.0,6408.0,1.4758481456094508,27.0,8.711632
415,2015-06-03,3.0,1.0,1.0,0.0,2238.0,8218.0,1.3004191314768683,26.0,8.711632
415,2015-06-05,5.0,1.0,1.0,0.0,2427.0,7967.0,1.1883656295561824,28.0,8.711632
415,2015-06-06,6.0,1.0,0.0,0.0,2389.0,7071.0,1.0848501614769024,29.0,8.711632
917,2015-06-01,1.0,1.0,1.0,0.0,3665.0,10706.0,1.0717962845581717,24.0,8.767402
183,2015-06-10,3.0,1.0,0.0,0.0,10566.0,4021.0,-0.9659569152631065,33.0,8.403297
310,2015-05-14,4.0,1.0,0.0,0.0,1284.0,3078.0,0.8738461250973515,6.0,8.906736
183,2015-05-30,6.0,1.0,0.0,0.0,8437.0,3539.0,-0.8686186347413205,22.0,8.403297
268,2015-06-12,5.0,1.0,0.0,0.0,9319.0,4179.0,-0.8018518018127416,35.0,8.45028
524,2015-05-14,4.0,1.0,0.0,0.0,1028.0,2288.0,0.7995276037355259,6.0,8.853412
183,2015-06-02,2.0,1.0,1.0,1.0,16129.0,7275.0,-0.7960999685406982,25.0,8.403297
183,2015-06-01,1.0,1.0,1.0,1.0,18797.0,8606.0,-0.7811748996840215,24.0,8.403297
183,2015-06-11,4.0,1.0,0.0,0.0,6490.0,3071.0,-0.7480874450390775,34.0,8.403297
415,2015-06-08,1.0,1.0,0.0,0.0,2724.0,5643.0,0.7281243520962395,31.0,8.711632
125,2015-06-18,4.0,1.0,1.0,0.0,6496.0,13131.0,0.7037116289022443,41.0,9.350152
144,2015-05-25,1.0,1.0,0.0,0.0,2114.0,4167.0,0.6783812997723135,17.0,8.925524
433,2015-05-14,4.0,1.0,0.0,0.0,1010.0,1900.0,0.6314398926593272,6.0,8.507272
517,2015-06-04,4.0,1.0,1.0,0.0,3153.0,5854.0,0.6186242740786927,27.0,8.634294
547,2015-06-06,6.0,1.0,0.0,0.0,3526.0,6191.0,0.5628100613877276,29.0,8.62634
462,2015-05-30,6.0,1.0,0.0,0.0,4541.0,2723.0,-0.5112658836949526,22.0,8.424723
517,2015-06-01,1.0,1.0,1.0,0.0,6101.0,10123.0,0.5062925854101312,24.0,8.634294
39,2015-06-13,6.0,1.0,0.0,0.0,2092.0,3457.0,0.5020919446245831,36.0,8.413251
85,2015-05-14,4.0,1.0,0.0,0.0,14501.0,8782.0,-0.501468426500363,6.0,8.847151
183,2015-06-03,3.0,1.0,1.0,1.0,11859.0,7204.0,-0.4983965774428416,26.0,8.403297
